Item Name,Item Number,Type,Size
2024 Junior Jazz Reversible Jersey - 8 pk Jersey Set - Pre K,90613960,2,Pre K
2024 Junior Jazz Reversible Jersey - 8 pk Jersey Set - Kindergarten,90613961,2,Kindergarten
2024 Junior Jazz Reversible Jersey - 8 pk Jersey Set - 1st And 2nd Grade,90613962,2,1st And 2nd Grade
2024 Junior Jazz Reversible Jersey - 8 pk Jersey Set - 3rd And 4th Grade,90613963,2,3rd And 4th Grade
2024 Junior Jazz Reversible Jersey - 8 pk Jersey Set - 5th And 6th Grade,90613964,2,5th And 6th Grade
2024 Junior Jazz Reversible Jersey - 8 pk Jersey Set - 7th And 8th Grade,90613965,2,7th And 8th Grade
2024 Junior Jazz Reversible Jersey - 8 pk Jersey Set - 9th And 10th Grade,90613966,2,9th And 10th Grade
2024 Junior Jazz Reversible Jersey - 8 pk Jersey Set - 11th And 12th Grade,90613967,2,11th And 12th Grade
2024 Junior Jazz Reversible Jersey - 10 pk Jersey Set - Pre K,90613968,1,Pre K
2024 Junior Jazz Reversible Jersey - 10 pk Jersey Set - Kindergarten,90613969,1,Kindergarten
2024 Junior Jazz Reversible Jersey - 10 pk Jersey Set - 1st And 2nd Grade,90613970,1,1st And 2nd Grade
2024 Junior Jazz Reversible Jersey - 10 pk Jersey Set - 3rd And 4th Grade,90613971,1,3rd And 4th Grade
2024 Junior Jazz Reversible Jersey - 10 pk Jersey Set - 5th And 6th Grade,90613972,1,5th And 6th Grade
2024 Junior Jazz Reversible Jersey - 10 pk Jersey Set - 7th And 8th Grade,90613973,1,7th And 8th Grade
2024 Junior Jazz Reversible Jersey - 10 pk Jersey Set - 9th And 10th Grade,90613974,1,9th And 10th Grade
2024 Junior Jazz Reversible Jersey - 10 pk Jersey Set - 11th And 12th Grade,90613975,1,11th And 12th Grade
2024 Junior Jazz Reversible Jersey - Single Reversible Jersey - Player #0 - YS,90613988,3,YS
2024 Junior Jazz Reversible Jersey - Single Reversible Jersey - Player #0 - YM,90613989,3,YM
2024 Junior Jazz Reversible Jersey - Single Reversible Jersey - Player #0 - YL,90613990,3,YL
2024 Junior Jazz Reversible Jersey - Single Reversible Jersey - Player #0 - SM,90613991,3,SM
2024 Junior Jazz Reversible Jersey - Single Reversible Jersey - Player #0 - MED,90613992,3,MED
2024 Junior Jazz Reversible Jersey - Single Reversible Jersey - Player #0 - LG,90613993,3,LG
2024 Junior Jazz Reversible Jersey - Single Reversible Jersey - Player #0 - XL,90613994,3,XL
2024 Junior Jazz Reversible Jersey - Single Reversible Jersey - Player #0 - 2XL,90613995,3,2XL
2024 Junior Jazz Reversible Jersey - Single Reversible Jersey - Player #0 - 3XL,90613996,3,3XL
2024 Junior Jazz Reversible Short - Single Reversible Short - YS,90614063,4,YS
2024 Junior Jazz Reversible Short - Single Reversible Short - YM,90614064,4,YM
2024 Junior Jazz Reversible Short - Single Reversible Short - YL,90614065,4,YL
2024 Junior Jazz Reversible Short - Single Reversible Short - SM,90614066,4,SM
2024 Junior Jazz Reversible Short - Single Reversible Short - MED,90614067,4,MED
2024 Junior Jazz Reversible Short - Single Reversible Short - LG,90614068,4,LG
2024 Junior Jazz Reversible Short - Single Reversible Short - XL,90614069,4,XL
2024 Junior Jazz Reversible Short - Single Reversible Short - 2XL,90614070,4,2XL
2024 Junior Jazz Reversible Short - Single Reversible Short - 3XL,90614071,4,3XL
